prices: Prices,,Per,,,,,,,,,,,,,,,,,,,
Rising Sun,Whole Foods,Trader Joe’s,H-Mart,Target,Safeway,QFC,Costco,Winco,
bakery,,,,,,,,,,,,,,,,,,,,,
,buttermilk bread,loaf,,5.79,,,4.19,4.49,5.49,,2.88,bakery,3.02,,,,,,,,
,dave’s killer bread,loaf,,6.99,,,6.99,6.99,6.99,4.80,,bakery,5.03,,,,,,,,
,everything bagels,½ dozen,,4.99,2.49,,3.99,3.99,2.69,,2.98,bakery,2.61,,,,,,,,
,large tortillas,ea.,,0.73,,,0.54,0.43,0.56,0.17,0.25,bakery,0.18,,,,,,,,
,medium tortillas,ea.,0.33,0.50,,,0.35,0.25,0.22,,0.25,bakery,0.24,,,,,,,,
,sourdough,loaf,,,3.49,,4.69,6.49,4.99,3.70,2.48,bakery,2.60,,,,,,,,
grains,,,,,,,,,,,,,,,,,,,,,
,basmati rice,lb,2.30,2.40,,,2.00,2.00,1.71,1.30,1.48,grains,1.36,,,,,,,,
,jasmine rice,lb,,,1.00,,1.30,1.40,2.20,,1.18,grains,1.05,,,,,,,,
,long grain rice,lb,,,,,0.96,1.10,1.10,,0.68,grains,0.71,,,,,,,,
,quinoa,lb,,,,,5.59,6.25,3.99,,2.59,grains,2.72,,,,,,,,
,sushi rice,lb,,3.32,,,1.30,2.15,3.90,,1.29,grains,1.35,,,,,,,,
,tortellini,lb,,,,,0.34,,,,2.98,grains,0.36,,,,,,,,
cans & jars,,,,,,,,,,,,,,,,,,,,,
,agave,oz,,0.25,,,0.31,0.37,0.25,0.15,0.27,cans & jars,0.16,,,,,,,,
,beans (black),can,2.39,1.39,0.89,,0.85,1.25,1.19,0.99,0.85,cans & jars,0.89,,,,,,,,
,beans (pinto),can,,1.89,0.99,,1.19,1.25,1.19,,0.85,cans & jars,0.89,,,,,,,,
,canned corn,can,,,,,0.65,1.75,1.39,,0.75,cans & jars,0.68,,,,,,,,
,chicken broth,oz,,,,,0.06,0.08,0.07,,0.05,cans & jars,0.06,,,,,,,,
,coconut oil,oz,,0.52,,,0.48,0.36,0.23,0.19,0.23,cans & jars,0.20,,,,,,,,
,everything bagel seasoning,oz,,,,,,,,,0.22,cans & jars,0.23,,,,,,,,
,honey,oz,,0.63,,,0.42,0.41,0.35,0.21,0.34,cans & jars,0.22,,,,,,,,
,minced garlic,oz,,0.47,0.25,,0.40,0.19,0.25,0.10,0.19,cans & jars,0.11,,,,,,,,
,nutritional yeast,oz,,1.16,,,1.26,1.68,1.22,,0.59,cans & jars,0.62,,,,,,,,
,olive oil,oz,0.48,0.46,0.18,0.65,0.29,0.29,0.26,0.44,0.31,cans & jars,0.19,,,,,,,,
,olives (green),oz,0.36,,,,0.31,0.64,1.03,0.38,0.18,cans & jars,0.19,,,,,,,,
,olives (kalamata),oz,0.28,1.25,0.23,,0.46,0.79,0.67,0.16,0.55,cans & jars,0.17,,,,,,,,
,pasta sauce,oz,,0.11,0.07,,0.07,0.15,0.12,0.10,0.10,cans & jars,0.07,,,,,,,,
,peanut butter,oz,0.32,0.11,0.14,,0.11,0.16,0.11,0.23,0.12,cans & jars,0.11,,,,,,,,
,peperoncini,oz,,0.33,,,0.20,0.25,0.27,,0.16,cans & jars,0.17,,,,,,,,
,sliced pickles,oz,,,0.22,,0.12,,0.25,,0.11,cans & jars,0.11,,,,,,,,
,sliced pickles (refrig.),oz,,0.21,,,0.29,0.25,0.27,,,cans & jars,0.22,,,,,,,,
,tomato paste,oz,,0.22,,,0.11,0.22,0.17,,0.10,cans & jars,0.10,,,,,,,,
,tomato sauce,oz,,0.15,,,0.06,0.09,0.07,,0.06,cans & jars,0.06,,,,,,,,
,tuna,can,4.69,1.99,1.69,,1.20,1.00,0.99,2.00,0.88,cans & jars,0.92,,,,,,,,
condiments,,,,,,,,,,,,,,,,,,,,,
,barbecue sauce,oz,,,,,0.11,0.18,0.16,0.07,0.09,condiments,0.08,,,,,,,,
,herdez salsa,oz,,,,,0.21,0.19,0.10,,0.16,condiments,0.11,,,,,,,,
,hummus,oz,0.59,0.42,0.25,,0.46,0.47,0.35,,0.22,condiments,0.23,,,,,,,,
,ketchup,oz,,0.10,,,0.17,0.11,0.08,0.09,0.06,condiments,0.06,,,,,,,,
,mayo,oz,,0.13,,,0.17,0.18,0.13,,0.08,condiments,0.09,,,,,,,,
,salsa,oz,0.28,0.21,0.12,,0.16,0.22,0.26,0.09,0.10,condiments,0.09,,,,,,,,
,soy sauce,oz,,0.21,,,0.15,0.25,0.25,,0.20,condiments,0.15,,,,,,,,
,teriyaki sauce,oz,,0.46,,,0.19,0.25,0.29,,0.22,condiments,0.20,,,,,,,,
,yellow mustard,oz,,0.47,,,0.13,0.16,0.19,,0.05,condiments,0.05,,,,,,,,
dairy,,,,,,,,,,,,,,,,,,,,,
,almond milk,oz,,0.07,0.06,,0.03,0.06,0.06,,,dairy,0.03,,,,,,,,
,butter,oz,0.84,0.29,0.23,,0.27,0.37,0.64,,0.24,dairy,0.24,,,,,,,,
,cream cheese (brick),oz,,0.35,0.21,,0.30,0.37,0.37,,0.36,dairy,0.22,,,,,,,,
,cream cheese (spread),oz,,0.35,0.25,,0.46,0.56,0.50,,0.50,dairy,0.26,,,,,,,,
,eggs (pasture raised),dozen,5.89,4.79,4.49,,6.69,5.99,5.99,,5.57,dairy,4.71,,,,,,,,
,feta,oz,,0.67,,,0.59,1.17,1.08,,0.57,dairy,0.59,,,,,,,,
,greek yogurt,oz,,0.19,,,0.16,0.17,0.14,,0.05,dairy,0.05,,,,,,,,
,half & half,oz,0.22,0.13,0.09,,0.11,0.13,0.18,0.08,0.08,dairy,0.08,,,,,,,,
,oat milk,oz,0.14,0.07,0.06,,0.08,0.09,0.11,0.06,0.09,dairy,0.07,,,,,,,,
,shredded cheese,oz,,0.44,0.31,,0.27,0.31,0.47,,0.22,dairy,0.23,,,,,,,,
,sliced cheddar cheese,oz,,,,,0.30,0.40,0.44,,0.30,dairy,0.31,,,,,,,,
fruit,,,,,,,,,,,,,,,,,,,,,
,bartlett pear,lb,,,1.75,,,2.49,2.49,,,fruit,1.83,,,,,,,,
,gala apples*,lb,2.59,2.49,1.50,,2.95,2.99,2.89,2.12,,fruit,1.57,,,,,,,,
,granny smith apples*,ea.,,2.99,0.69,,,1.50,1.30,,,fruit,0.72,,,,,,,,
,green grapes,oz,,0.11,,,,,,,,fruit,0.12,,,,,,,,
,kiwi,lb,5.64,4.99,3.49,,4.79,3.50,3.99,,1.99,fruit,2.09,,,,,,,,
,lime,ea.,,0.59,,,0.49,0.33,0.79,,0.33,fruit,0.35,,,,,,,,
,mango,ea.,1.50,3.50,1.59,,1.49,2.99,1.50,,0.88,fruit,0.92,,,,,,,,
,strawberries*,lb,,4.99,4.25,,4.39,5.99,3.49,,,fruit,3.66,,,,,,,,
,yellow peaches*,lb,2.99,2.99,2.15,,2.95,3.49,2.49,,,fruit,2.26,,,,,,,,
vegetables,,,,,,,,,,,,,,,,,,,,,
,avocado (med. hass),ea.,1.50,1.25,1.49,,0.99,0.99,1.99,1.16,,vegetables,1.04,,,,,,,,
,baker potatoes,lb,,,,,2.99,1.69,1.99,,1.28,vegetables,1.34,,,,,,,,
,bell peppers*,ea.,,2.00,2.00,,1.70,2.49,2.89,,1.99,vegetables,1.78,,,,,,,,
,broccoli,lb,2.89,1.99,1.19,,3.25,2.99,1.99,,1.48,vegetables,1.25,,,,,,,,
,butternut squash,lb,1.99,1.99,,,,1.69,1.49,,,vegetables,1.56,,,,,,,,
,carrots,lb,1.29,1.49,0.89,,1.29,1.29,0.99,,0.68,vegetables,0.71,,,,,,,,
,cauliflower,ea.,3.98,3.99,3.99,,,3.99,5.23,,,vegetables,4.18,,,,,,,,
,cucumber,ea.,2.19,1.99,1.49,,,1.25,,,0.58,vegetables,0.61,,,,,,,,
,eggplant,ea.,,2.69,,,,1.99,2.89,,1.68,vegetables,1.76,,,,,,,,
,golden beets*,lb,,2.49,,,,,,,,vegetables,2.61,,,,,,,,
,kabocha squash,lb,2.89,1.99,,,,1.69,,,,vegetables,1.77,,,,,,,,
,kale*,bunch,,2.49,2.99,,,2.99,2.69,,,vegetables,2.61,,,,,,,,
,lettuce,ea.,2.49,2.69,1.49,,1.10,1.33,1.99,,1.56,vegetables,1.15,,,,,,,,
,red onions,lb,1.69,2.49,1.29,,1.70,2.49,1.89,,0.98,vegetables,1.03,,,,,,,,
,spinach*,oz,,0.50,0.33,,0.76,0.80,0.70,,0.31,vegetables,0.33,,,,,,,,
,spring mix,oz,,0.37,,,,,,,,vegetables,0.39,,,,,,,,
,tomatoes*,lb,,3.49,1.83,,3.89,3.99,3.69,,,vegetables,1.92,,,,,,,,
,yellow onions,lb,0.99,1.79,0.99,,1.29,1.99,0.99,,0.78,vegetables,0.82,,,,,,,,
,zucchini,lb,2.19,2.79,,,3.50,2.99,1.99,,0.98,vegetables,1.03,,,,,,,,
meat,,,,,,,,,,,,,,,,,,,,,
,extra-firm tofu,lb,3.29,2.99,,,2.07,,,,1.98,meat,2.08,,,,,,,,
,salmon burger,oz,,,,,,,,,0.46,meat,0.48,,,,,,,,
,salmon fillet (frozen),oz,,,,,,,,,0.09,meat,0.10,,,,,,,,
,veggie burgers,ea.,,1.82,,,1.15,1.12,0.83,,1.78,meat,0.87,,,,,,,,
,veggie chicken nuggets,oz,,0.46,,,,,,,,meat,0.48,,,,,,,,
,veggie corn dogs,ea.,,,,,1.15,,,,,meat,1.20,,,,,,,,
,veggie meatballs,oz,,0.46,,,,0.39,,,0.46,meat,0.41,,,,,,,,
,veggie sausages,ea.,,1.40,,,1.37,,1.20,,1.70,meat,1.26,,,,,,,,
snacks,,,,,,,,,,,,,,,,,,,,,
,banana chips,oz,,,,,,,,,0.22,snacks,0.23,,,,,,,,
,cheese puffs,oz,,0.54,0.45,,0.44,1.25,0.56,,,snacks,0.47,,,,,,,,
,cheez-its,oz,,,,,0.29,0.29,0.44,,0.20,snacks,0.21,,,,,,,,
,doritos,oz,,,,,0.41,0.39,0.45,,0.27,snacks,0.29,,,,,,,,
,goldfish,oz,,,,,0.33,0.33,0.35,,0.23,snacks,0.24,,,,,,,,
,king mix,lb,,,,,,,,,4.38,snacks,4.60,,,,,,,,
,pita chips,oz,,0.37,,,,,,,,snacks,0.38,,,,,,,,
,plantain chips,oz,,0.75,,,,,,,0.36,snacks,0.38,,,,,,,,
,salt & vinegar chips,oz,,0.50,,,0.45,0.38,0.54,,0.44,snacks,0.40,,,,,,,,
,sesame sticks,oz,,,0.16,,,,,,0.20,snacks,0.16,,,,,,,,
,sugared dried mango,oz,,,,,,,,,0.42,snacks,0.44,,,,,,,,
,tortilla chips,oz,,0.36,0.24,,0.20,0.20,0.17,,0.12,snacks,0.13,,,,,,,,
dessert,,,,,,,,,,,,,,,,,,,,,
,hi chew,oz,,,,,0.53,0.53,0.47,,0.42,dessert,0.44,,,,,,,,
,milano,oz,,,,,,0.60,0.58,,0.63,dessert,0.61,,,,,,,,
,nutella,oz,,,,,0.26,0.31,0.36,0.19,0.23,dessert,0.20,,,,,,,,
,peanut butter cups,lb,,,,,,,,,4.48,dessert,4.70,,,,,,,,
,peanut butter m&ms,oz,,,,,0.32,0.38,0.42,,0.41,dessert,0.34,,,,,,,,
,peanut m&ms,oz,,,,,0.29,0.34,0.47,,0.34,dessert,0.30,,,,,,,,
,sweet & sour hi chew,oz,,,,,,,,,0.62,dessert,0.66,,,,,,,,
drinks,,,,,,,,,,,,,,,,,,,,,
,anis tea,ea.,,,,,,,0.23,,,drinks,0.24,,,,,,,,
,arnold palmer,oz,,0.06,0.06,,0.03,0.03,0.04,,0.02,drinks,0.02,,,,,,,,
,chamomile tea,ea.,0.21,0.37,0.14,,0.19,0.18,0.21,,0.11,drinks,0.11,,,,,,,,
,coffee,oz,,0.39,0.46,,0.83,0.64,0.58,,0.50,drinks,0.40,,,,,,,,
,english breakfast tea,ea.,0.21,,0.13,,0.18,0.18,0.16,,0.18,drinks,0.14,,,,,,,,
,genmaicha tea,oz,,,,,,,0.27,,,drinks,0.28,,,,,,,,
,ginger ale,oz,,0.06,,,,,,,,drinks,0.06,,,,,,,,
,green tea,ea.,,,0.06,,0.19,0.18,,,0.05,drinks,0.05,,,,,,,,
,iced tea,oz,,0.06,0.05,,0.04,0.05,0.02,,,drinks,0.02,,,,,,,,
,la croix,ea.,,,,,,,,,0.37,drinks,0.39,,,,,,,,
,lemonade,oz,,0.06,0.05,,0.05,0.07,0.05,,0.04,drinks,0.04,,,,,,,,
,lemonade (santa cruz),oz,,,,,,0.56,,,,drinks,0.59,,,,,,,,
,mint tea,ea.,0.21,0.21,0.14,,0.18,0.13,0.15,,0.14,drinks,0.13,,,,,,,,
,soda,case,,,,,,,,,6.98,drinks,7.33,,,,,,,,
baking,,,,,,,,,,,,,,,,,,,,,
,baking powder,oz,,0.25,0.21,,0.39,0.25,0.68,,0.09,baking,0.10,,,,,,,,
,baking soda,oz,,0.06,0.06,,0.08,0.08,0.09,0.04,0.05,baking,0.04,,,,,,,,
,brown sugar,lb,3.00,2.33,2.33,,0.90,2.25,2.25,1.20,0.81,baking,0.85,,,,,,,,
,flour,lb,1.36,1.08,0.60,,0.94,0.96,1.10,0.79,0.62,baking,0.63,,,,,,,,
,powdered sugar,lb,,2.86,2.99,,0.90,2.00,6.29,1.00,1.08,baking,0.94,,,,,,,,
,salt,oz,0.21,,,,0.03,0.08,0.05,,,baking,0.03,,,,,,,,
,semi-sweet chocolate chips,oz,,,,,0.17,0.31,0.25,,0.19,baking,0.17,,,,,,,,
,vanilla extract,oz,6.80,,2.25,,2.75,3.50,4.25,0.75,,baking,0.79,,,,,,,,
,white sugar,lb,2.40,,1.75,,0.75,1.12,1.00,0.80,0.56,baking,0.59,,,,,,,,
cleaning,,,,,,,,,,,,,,,,,,,,,
,detergent,oz,,,0.10,,0.17,,0.15,,,cleaning,0.10,,,,,,,,
,dish soap,oz,,,0.12,,0.16,,0.21,,,cleaning,0.13,,,,,,,,
,disinfectant spray,oz,,,,,0.12,,0.20,,,cleaning,0.13,,,,,,,,
,floor cleaner,,,,,,,,,,,cleaning,0,,,,,,,,
,lysol wipes,,,,,,,,,,,cleaning,0,,,,,,,,
,trash bags (13 gal),ea.,,,,,,,,0.09,,cleaning,0.10,,,,,,,,
dog,,,,,,,,,,,,,,,,,,,,,
,pig ears,lb,,,,,,,,,20.72,dog,21.76,,,,,,,,
(blank),,,,,,,,,,,,,,,,,,,,,
,,,,,,,,,,,,,0,,,,,,,,
,,,,,,,,,,,,,,,,,,,,,
hours: Hours,,,,,,,,,,,,,,,,,,,,,
,Su,,,M,,,Tu,,,W,,,Th,,,F,,,Sa,,
Trader Joe’s,8,-,9,8,-,9,8,-,9,8,-,9,8,-,9,8,-,9,8,-,9
Target,7,-,8,7,-,8,7,-,8,7,-,8,7,-,8,7,-,8,7,-,8
CVS,8,-,10,8,-,10,8,-,10,8,-,10,8,-,10,8,-,10,8,-,10
H-Mart,9,-,9,8,-,9:30,8,-,9:30,8,-,9:30,8,-,9:30,8,-,9:30,9,-,9:30
Bartell,,,,8,-,8,8,-,8,8,-,8,8,-,8,8,-,8,9:30,-,6
7-Eleven,,-,,,-,,,-,,,-,,,-,,,-,,,-,
The Alley,11,-,9,11,-,9,11,-,9,11,-,9,11,-,9,11,-,9,11,-,9
Memo’s,6,-,12,6,-,12,6,-,12,6,-,12,6,-,12,6,-,12,6,-,12
Aladdin,10,-,2,10,-,2,10,-,2,10,-,2,10,-,2,10,-,3,10,-,3
Domino’s,10,-,12,10,-,12,10,-,12,10,-,12,10,-,12,10,-,1,10,-,1
Bugis,,-,,,-,,,-,,,-,,,-,,,-,,,-,
Noodle Nation,12,-,12,12,-,9,12,-,12,12,-,12,12,-,12,12,-,12,12,-,12
Chipotle,10:45,-,10,10:45,-,10,10:45,-,10,10:45,-,10,10:45,-,10,10:45,-,10,10:45,-,10
Cafe on the Ave,8,-,10,8,-,10,8,-,10,8,-,10,8,-,10,8,-,12,8,-,12
Korean Tofu House,10,-,8:45,10,-,8:45,10,-,8:45,10,-,8:45,10,-,8:45,10,-,8:45,10,-,8:45
Pho Shizzle,10,-,10,10,-,10,10,-,10,10,-,10,10,-,10,10,-,10,10,-,10
Ugly Mug,9,-,3,8,-,2,8,-,2,8,-,2,8,-,2,8,-,2,9,-,3
Ding Tea,11,-,10,11,-,10,11,-,10,11,-,10,11,-,10,11,-,10,11,-,10
Just Burgers,11,-,11,11,-,11,11,-,11,11,-,11,11,-,11,11,-,11,11,-,11
Thaiger Room,11,-,10,11,-,10,11,-,10,11,-,12,11,-,12,11,-,12,11,-,12
Crossroads,12,-,8,12,-,8,12,-,8,12,-,8,12,-,8,11,-,8,11,-,8
Goodwill,10,-,8,10,-,8,10,-,8,10,-,8,10,-,8,10,-,8,10,-,8
Redlight,11,-,7,11,-,7,11,-,7,11,-,7,11,-,7,11,-,8,11,-,8